username,password
test10@zzduc2kzzgmail.onmicrosoft.com,clkFhLv_bGyaV@GC
test11@zzduc2kzzgmail.onmicrosoft.com,vUTVEUAU3nCdvP9Y
test12@zzduc2kzzgmail.onmicrosoft.com,U3V3CkptKPrWM3%o
test13@zzduc2kzzgmail.onmicrosoft.com,_m8g7PDEeFOpvdux
test14@zzduc2kzzgmail.onmicrosoft.com,nLzc%oeknxwUjC8W
test15@zzduc2kzzgmail.onmicrosoft.com,jyjtc9gkhrP%GVzk
test16@zzduc2kzzgmail.onmicrosoft.com,VIWwAO1UwB9zdYoC
test17@zzduc2kzzgmail.onmicrosoft.com,55D37KXNiks2zYae
test18@zzduc2kzzgmail.onmicrosoft.com,U92TqNxWVUA40wcH
test19@zzduc2kzzgmail.onmicrosoft.com,C3MzDCEzEXo1pIz@
test1@zzduc2kzzgmail.onmicrosoft.com,U4yG709CUS26IIN5
test20@zzduc2kzzgmail.onmicrosoft.com,F_V44F1T0XW8!NL3
test21@zzduc2kzzgmail.onmicrosoft.com,zGmC4k%H5LuG#AGl
test2@zzduc2kzzgmail.onmicrosoft.com,YeKUfPEzo#yFBz%q
test3@zzduc2kzzgmail.onmicrosoft.com,gAgEX6ynZhgFghpz
test4@zzduc2kzzgmail.onmicrosoft.com,spZMLHYS0aaE8EWq
test5@zzduc2kzzgmail.onmicrosoft.com,wDJB8%02nVgFgTYw
test6@zzduc2kzzgmail.onmicrosoft.com,9LFL2kIKkG8Lqs9R
test7@zzduc2kzzgmail.onmicrosoft.com,I2_kbhW_H2uQv2Hk
test8@zzduc2kzzgmail.onmicrosoft.com,HEZR_hr79p54!3ct
test9@zzduc2kzzgmail.onmicrosoft.com,PFp@8JOTbKftjBjl
